voting_ID	date	time	title
1417090270	 27.11.2014	12:11:10	Поіменне голосування  про проект Постанови про Тимчасову президію першої сесії Верховної Ради України восьмого скликання (№1001) - за основу та в цілому
1417090482	 27.11.2014	12:14:42	Поіменне голосування  про проект Постанови про порядок денний першої сесії Верховної Ради України восьмого скликання на період розгляду організаційних питань першої сесії Верховної Ради України восьмого скликання (№1002) - за основу та в цілому
1417092081	 27.11.2014	12:41:21	Поіменне голосування  про проект Постанови про Лічильну комісію Верховної Ради України восьмого скликання (№1005) - за основу та в цілому
1417096360	 27.11.2014	13:52:40	Поіменне голосування  про роботу без перерви до завершення розгляду питань порядку денного 
1417096933	 27.11.2014	14:02:13	Поіменне голосування  про проект Постанови про Голову Верховної Ради України (№1006) - за основу та в цілому
1417100374	 27.11.2014	14:59:34	Поіменне голосування  про проект Постанови про призначення Яценюка А.П. Прем'єр-міністром України (№1007) - за основу та в цілому
1417100590	 27.11.2014	15:03:10	Поіменне голосування  про проект Постанови про порядок висвітлення роботи Верховної Ради України восьмого скликання (№1003) - за основу та в цілому
1417523777	 02.12.2014	12:36:17	Поіменне голосування  про продовження вечірнього пленарного засідання до завершення розгляду питань порядку денного
1417536570	 02.12.2014	16:09:30	""
1417543122	 02.12.2014	17:58:42	Поіменне голосування  про проект Постанови про призначення Клімкіна П.А. Міністром закордонних справ України (№1166) - за основу та в цілому
1417543723	 02.12.2014	18:08:43	Поіменне голосування  про проект Постанови про призначення Полторака С.Т. Міністром оборони України (№1167) - за основу та в цілому
1417544566	 02.12.2014	18:22:46	Поіменне голосування  про проект Постанови про формування складу Кабінету Міністрів України (№1008) - за основу
1417549859	 02.12.2014	19:50:59	Поіменне голосування  про припинення обговорення питання  про формування складу Кабінету Міністрів України
1417550691	 02.12.2014	20:04:51	Поіменне голосування  про проект Постанови про формування складу Кабінету Міністрів України (№1008) - в цілому
1417550993	 02.12.2014	20:09:53	Поіменне голосування  про проект Постанови про звільнення Гройсмана Володимира Борисовича з посади Віце-прем'єр-міністра - Міністра регіонального розвитку, будівництва та житлово-комунального господарства України (№1202) - за основу та в цілому
1417551022	 02.12.2014	20:10:22	Поіменне голосування  про проект Постанови про звільнення з посад членів Кабінету Міністрів України (№1203) - за основу та в цілому
1417551109	 02.12.2014	20:11:49	Поіменне голосування  про дострокове припинення повноважень народного депутата Яценюка А.П.
1417551134	 02.12.2014	20:12:14	Поіменне голосування  про дострокове припинення повноважень народного депутата Авакова А.Б.
1417551157	 02.12.2014	20:12:37	Поіменне голосування  про дострокове припинення повноважень народного депутата Вощевського В.М.
1417551181	 02.12.2014	20:13:01	Поіменне голосування  про дострокове припинення повноважень народного депутата Жданова І.О.
1417551202	 02.12.2014	20:13:22	Поіменне голосування  про дострокове припинення повноважень народного депутата Квіта С.М.
1417551226	 02.12.2014	20:13:46	Поіменне голосування  про дострокове припинення повноважень народного депутата Кириленка В.А.
1417551249	 02.12.2014	20:14:09	Поіменне голосування  про дострокове припинення повноважень народного депутата Розенка П.В.
1417551274	 02.12.2014	20:14:34	Поіменне голосування  про дострокове припинення повноважень народного депутата Стеця Ю.Я.
1417551322	 02.12.2014	20:15:22	Поіменне голосування  про дострокове припинення повноважень народного депутата Петренка П.Д.
1417712628	 04.12.2014	17:03:48	Поіменне голосування  про проект Постанови про обрання Першого заступника та заступника Голови Верховної Ради України (№1255) - за основу та в цілому
1417713655	 04.12.2014	17:20:55	Поіменне голосування  про проект Постанови про перелік, кількісний склад і предмети відання комітетів Верховної Ради України восьмого скликання (№1004) - за основу
1417713807	 04.12.2014	17:23:27	Поіменне голосування  про проект Постанови про перелік, кількісний склад і предмети відання комітетів Верховної Ради України восьмого скликання (№1004) - в цілому
1417714982	 04.12.2014	17:43:02	Поіменне голосування  про проект Постанови про обрання голів, перших заступників, заступників голів, секретарів, членів комітетів Верховної Ради України восьмого скликання (№1009) - за основу та в цілому
1418121895	 09.12.2014	10:44:55	"Поіменне голосування  про включення до порядку денного сесії проекту Постанови про внесення змін до Постанови Верховної Ради України ""Про обрання голів, перших заступників, заступників голів, секретарів, членів комітетів Верховної Ради України восьмого скликання"" (№1291) "
1418122235	 09.12.2014	10:50:35	Поіменне голосування  про проект Постанови про календарний план проведення першої сесії Верховної Ради України восьмого скликання (№1010) - за основу та в цілому
1418123055	 09.12.2014	11:04:15	Поіменне голосування  про включення до порядку денного на поточний пленарний тиждень проекту Постанови про Звернення Верховної Ради України до Державної Думи Федеральних Зборів Російської Федерації та Президента Російської Федерації щодо звільнення української льотчиці та народного депутата України VIII скликання Надії Вікторівни Савченко (№1095) 
1418123091	 09.12.2014	11:04:51	Поіменне голосування  про включення до порядку денного на поточний пленарний тиждень проектів законів про внесення змін до деяких законів України (щодо забезпечення і гарантування національної безпеки України) (№1014, №1014-1, №1014-2) 
1418293228	 11.12.2014	10:20:28	Поіменне голосування  про проект Постанови про порядок денний першої сесії Верховної Ради України восьмого скликання (№1375) - за основу та в цілому
1418293320	 11.12.2014	10:22:00	Поіменне голосування  про регламент розгляду питання про Програму діяльності Кабінету Міністрів України
1418304198	 11.12.2014	13:23:18	Поіменне голосування  про проект Постанови про Програму діяльності Кабінету Міністрів України (№1330)  - в цілому
1418304320	 11.12.2014	13:25:20	Поіменне голосування  про продовження ранкового пленарного засідання до завершення розгляду питань порядку денного
1418304356	 11.12.2014	13:25:56	Поіменне голосування  про розгляд за скороченою процедурою питань порядку денного
1418305638	 11.12.2014	13:47:18	"Поіменне голосування  про проект Закону про внесення змін до Закону України ""Про Раду національної безпеки і оборони України"" щодо вдосконалення координації і контролю у сфері національної безпеки і оборони (№1343) - за основу"
1418305682	 11.12.2014	13:48:02	"Поіменне голосування  про скорочення терміну підготовки до другого читання проекту Закону про внесення змін до Закону України ""Про Раду національної безпеки і оборони України"" щодо вдосконалення координації і контролю у сфері національної безпеки і оборони (№1343) "
1418307604	 11.12.2014	14:20:04	"Поіменне голосування  про проект Постанови про внесення змін до Постанови Верховної Ради України ""Про обрання голів, перших заступників, заступників голів, секретарів, членів комітетів Верховної Ради України восьмого скликання"" (№1291) - за основу та в цілому"
1418308241	 11.12.2014	14:30:41	"Поіменне голосування  про проект Постанови про внесення змін до Постанови Верховної Ради України ""Про обрання голів, перших заступників, заступників голів, секретарів, членів комітетів Верховної Ради України восьмого скликання та обрання голови Спеціальної контрольної комісії Верховної Ради України з питань приватизації"" (№1315) - за основу та в цілому"
1418308781	 11.12.2014	14:39:41	Поіменне голосування  про проект Постанови про Звернення Верховної Ради України до Державної Думи Федеральних Зборів Російської Федерації та Президента Російської Федерації щодо звільнення української льотчиці та народного депутата України VIII скликання Надії Вікторівни Савченко (№1095) - за основу та в цілому
1418309656	 11.12.2014	14:54:16	Поіменне голосування  про проект Постанови про зміни в адміністративно-територіальному устрої Донецької області, зміну і встановлення меж Артемівського району Донецької області (№1282) - за основу та в цілому
1418309694	 11.12.2014	14:54:54	Поіменне голосування  про проект Постанови про зміни в адміністративно-територіальному устрої Донецької області, зміну і встановлення меж Волноваського, Новоазовського та Тельманівського районів Донецької області (№1283) - за основу та в цілому
1418309794	 11.12.2014	14:56:34	"Поіменне голосування  про повернення до розгляду проекту Постанови про внесення змін до Постанови Верховної Ради України ""Про обрання голів, перших заступників, заступників голів, секретарів, членів комітетів Верховної Ради України восьмого скликання"" (№1291) "
1418310345	 11.12.2014	15:05:45	"Поіменне голосування  про пропозицію народного депутата Україна Найєма М. до проекту Постанови про внесення змін до Постанови Верховної Ради України ""Про обрання голів, перших заступників, заступників голів, секретарів, членів комітетів Верховної Ради України восьмого скликання"" (№1291) "
1418310384	 11.12.2014	15:06:24	"Поіменне голосування  про проект Постанови про внесення змін до Постанови Верховної Ради України ""Про обрання голів, перших заступників, заступників голів, секретарів, членів комітетів Верховної Ради України восьмого скликання"" (№1291) - за основу та в цілому"
1419332087	 23.12.2014	10:54:47	"Поіменне голосування  про поправку №6 народного депутата України Сироїд О.І.  до проекту Закону про внесення змін до Закону України ""Про Раду національної безпеки і оборони України"" щодо вдосконалення координації і контролю у сфері національної безпеки і оборони (№1343) "
1419332191	 23.12.2014	10:56:31	"Поіменне голосування  про поправку №7 народного депутата України Сотник О.С.  до проекту Закону про внесення змін до Закону України ""Про Раду національної безпеки і оборони України"" щодо вдосконалення координації і контролю у сфері національної безпеки і оборони (№1343) "
1419332258	 23.12.2014	10:57:38	"Поіменне голосування  про поправку №8 народного депутата України Веселової Н.В.  до проекту Закону про внесення змін до Закону України ""Про Раду національної безпеки і оборони України"" щодо вдосконалення координації і контролю у сфері національної безпеки і оборони (№1343) "
1419332557	 23.12.2014	11:02:37	"Поіменне голосування  про поправку №14 народного депутата України Крулька І.І.  до проекту Закону про внесення змін до Закону України ""Про Раду національної безпеки і оборони України"" щодо вдосконалення координації і контролю у сфері національної безпеки і оборони (№1343) "
1419332726	 23.12.2014	11:05:26	"Поіменне голосування  про поправку №16 народного депутата України Сироїд О.І.  до проекту Закону про внесення змін до Закону України ""Про Раду національної безпеки і оборони України"" щодо вдосконалення координації і контролю у сфері національної безпеки і оборони (№1343) "
1419332876	 23.12.2014	11:07:56	"Поіменне голосування  про поправку №17 народного депутата України Сотник О.С.  до проекту Закону про внесення змін до Закону України ""Про Раду національної безпеки і оборони України"" щодо вдосконалення координації і контролю у сфері національної безпеки і оборони (№1343)"
1419332983	 23.12.2014	11:09:43	"Поіменне голосування  про поправку №18 народного депутата України Веселової Н.В.  до проекту Закону про внесення змін до Закону України ""Про Раду національної безпеки і оборони України"" щодо вдосконалення координації і контролю у сфері національної безпеки і оборони (№1343)"
1419333101	 23.12.2014	11:11:41	"Поіменне голосування  про поправку №20 народного депутата України Крулька І.І.  до проекту Закону про внесення змін до Закону України ""Про Раду національної безпеки і оборони України"" щодо вдосконалення координації і контролю у сфері національної безпеки і оборони (№1343)"
1419333186	 23.12.2014	11:13:06	"Поіменне голосування  про поправку №24 народного депутата України Веселової Н.В.  до проекту Закону про внесення змін до Закону України ""Про Раду національної безпеки і оборони України"" щодо вдосконалення координації і контролю у сфері національної безпеки і оборони (№1343)"
1419333344	 23.12.2014	11:15:44	"Поіменне голосування  про поправку №26 народного депутата України Крулька І.І.  до проекту Закону про внесення змін до Закону України ""Про Раду національної безпеки і оборони України"" щодо вдосконалення координації і контролю у сфері національної безпеки і оборони (№1343)"
1419333427	 23.12.2014	11:17:07	"Поіменне голосування  про поправку №27 народного депутата України Сироїд О.І.  до проекту Закону про внесення змін до Закону України ""Про Раду національної безпеки і оборони України"" щодо вдосконалення координації і контролю у сфері національної безпеки і оборони (№1343)"
1419333538	 23.12.2014	11:18:58	"Поіменне голосування  про поправку №28 народного депутата України Сотник О.С.  до проекту Закону про внесення змін до Закону України ""Про Раду національної безпеки і оборони України"" щодо вдосконалення координації і контролю у сфері національної безпеки і оборони (№1343)"
1419333708	 23.12.2014	11:21:48	"Поіменне голосування  про поправку №33 народного депутата України Крулька І.І.  до проекту Закону про внесення змін до Закону України ""Про Раду національної безпеки і оборони України"" щодо вдосконалення координації і контролю у сфері національної безпеки і оборони (№1343)"
1419333858	 23.12.2014	11:24:18	"Поіменне голосування  про поправку №35 народного депутата України Крулька І.І.  до проекту Закону про внесення змін до Закону України ""Про Раду національної безпеки і оборони України"" щодо вдосконалення координації і контролю у сфері національної безпеки і оборони (№1343)"
1419335004	 23.12.2014	11:43:24	"Поіменне голосування  про проект Закону про внесення змін до Закону України ""Про Раду національної безпеки і оборони України"" щодо вдосконалення координації і контролю у сфері національної безпеки і оборони (№1343) - у другому читанні та в цілому"
1419335545	 23.12.2014	11:52:25	"Поіменне голосування  про повернення до розгляду проекту Закону про внесення змін до Закону України ""Про Раду національної безпеки і оборони України"" щодо вдосконалення координації і контролю у сфері національної безпеки і оборони (№1343) "
1419335594	 23.12.2014	11:53:14	"Поіменне голосування  про направлення на повторне друге читання проекту Закону про внесення змін до Закону України ""Про Раду національної безпеки і оборони України"" щодо вдосконалення координації і контролю у сфері національної безпеки і оборони (№1343) "
1419335711	 23.12.2014	11:55:11	Поіменне голосування  про розгляд за скороченою процедурою проекту Закону про внесення змін до деяких законів України (щодо забезпечення і гарантування національної безпеки України) (№1014) та проекту Закону про внесення змін до деяких законів України щодо відмови України від здійснення політики позаблоковості (№1014-3)
1419336800	 23.12.2014	12:13:20	Поіменне голосування  про проект Закону про внесення змін до деяких законів України щодо відмови України від здійснення політики позаблоковості (№1014-3) - за основу та в цілому
1419342787	 23.12.2014	13:53:07	Поіменне голосування  про продовження ранкового пленарного засідання  до завершення розгляду питань порядку денного
1419349220	 23.12.2014	15:40:20	Поіменне голосування  про проект Постанови про особливості процедури розгляду і прийняття проекту Закону України про Державний бюджет України на 2015 рік (№1000-П) - за основу та в цілому
1419349338	 23.12.2014	15:42:18	Поіменне голосування  про проект Постанови про особливості процедури розгляду законопроектів, що пов'язані з прийняттям проекту Закону України про Державний бюджет України на 2015 рік (№1000-П1) - за основу та в цілому
1419349426	 23.12.2014	15:43:46	Поіменне голосування  про включення до порядку денного сесії  проектів законів №1570, №1571, №1572
1419349951	 23.12.2014	15:52:31	"Поіменне голосування  про  включення до порядку денного сесії проекту Закону про внесення зміни до статті 46 Закону України ""Про прокуратуру"" (щодо умов для залучення фахівців) (№1530) "
1419350000	 23.12.2014	15:53:20	Поіменне голосування  про включення до порядку денного сесії проекту Постанови про звернення Верховної Ради України до міжнародних організацій та міжпарламентських асамблей щодо звільнення української льотчиці та народного депутата України VIII скликання Надії Вікторівни Савченко (№1584)
1419350045	 23.12.2014	15:54:05	"Поіменне голосування про включення до порядку денного сесії проекту Закону про внесення зміни до статті 46 Закону України ""Про прокуратуру"" (щодо умов для залучення фахівців) (№1530) "
1419350701	 23.12.2014	16:05:01	Поіменне голосування  про проект Постанови про присудження щорічної Премії Верховної Ради України педагогічним працівникам загальноосвітніх, професійно-технічних, дошкільних та позашкільних навчальних закладів (№1339) - за основу та в цілому
1419350732	 23.12.2014	16:05:32	Поіменне голосування  про проект Постанови про призначення у 2014 році іменних стипендій Верховної Ради України для найталановитіших молодих вчених (№1341) - за основу та в цілому
1419350758	 23.12.2014	16:05:58	Поіменне голосування  про проект Постанови про присудження Премії Верховної Ради України найталановитішим молодим ученим в галузі фундаментальних і прикладних досліджень та науково-технічних розробок за 2013 рік (№1342) - за основу та в цілому
1419350962	 23.12.2014	16:09:22	Поіменне голосування  про проект Постанови про присудження у 2014 році Премії Верховної Ради України за внесок молоді у розвиток парламентаризму, місцевого самоврядування (№1323) - за основу та в цілому
1419351224	 23.12.2014	16:13:44	Поіменне голосування  про роботу 28 грудня 2014 року в пленарному режимі
1419351257	 23.12.2014	16:14:17	Поіменне голосування  про роботу 28 грудня 2014 року в пленарному режимі
1419351301	 23.12.2014	16:15:01	Поіменне голосування  про проект Постанови про внесення змін до календарного плану проведення першої сесії Верховної Ради України восьмого скликання (№1582) - за основу та в цілому
1419502946	 25.12.2014	10:22:26	"Поіменне голосування  про проект Закону про внесення змін до Закону України ""Про Раду національної безпеки і оборони України"" щодо вдосконалення координації і контролю у сфері національної безпеки і оборони (№1343) - у другому читанні та в цілому"
1419503572	 25.12.2014	10:32:52	Поіменне голосування  про проект Постанови про звернення Верховної Ради України до міжнародних організацій та міжпарламентських асамблей щодо звільнення української льотчиці та народного депутата України VIII скликання Надії Вікторівни Савченко (№1584) - за основу та в цілому
1419503625	 25.12.2014	10:33:45	"Поіменне голосування  про включення до порядку денного сесії проекту Закону про внесення зміни до статті 46 Закону України ""Про прокуратуру"" (щодо умов для залучення фахівців) (№1605) "
1419503730	 25.12.2014	10:35:30	"Поіменне голосування  про включення до порядку денного сесії проекту Закону про внесення зміни до статті 46 Закону України ""Про прокуратуру"" (щодо умов для залучення фахівців) (№1605) "
1419503894	 25.12.2014	10:38:14	"Поіменне голосування  про включення до порядку денного сесії проекту Закону про внесення зміни до статті 46 Закону України ""Про прокуратуру"" (щодо умов для залучення фахівців) (№1605) "
1419503986	 25.12.2014	10:39:46	"Поіменне голосування  про включення до порядку денного сесії проекту Закону про внесення змін до Закону України ""Про безпечність та якість харчових продуктів"" (щодо реалізації на агропродовольчих ринках продукції домашнього виробництва та подвірного забою) (№1499-1) "
1419504062	 25.12.2014	10:41:02	"Поіменне голосування  про включення до порядку денного сесії проектів законів про внесення змін до пункту 3 розділу VIII Закону України ""Про забезпечення реалізації житлових прав мешканців гуртожитків"" (щодо продовження строку мораторію на відчуження гуртожитків) (№1505, №1505-1) "
1419504253	 25.12.2014	10:44:13	Поіменне голосування  про включення до порядку денного сесії проекту Закону про внесення змін до деяких законів України (щодо скасування ліцензування імпорту активних фармацевтичних інгредієнтів) (№1498) 
1419504600	 25.12.2014	10:50:00	"Поіменне голосування  про включення до порядку денного сесії проекту Закону про внесення змін до Закону України ""Про мораторій на стягнення майна громадян України, наданого як забезпечення кредитів в іноземній валюті"" щодо посилення захисту прав позичальників (№1610) "
1419504629	 25.12.2014	10:50:29	Поіменне голосування  про включення до порядку денного сесії проекту Закону про внесення змін до деяких законів України (щодо заборони вчинення виконавчого напису нотаріуса про звернення стягнення на житло)  (№1519)
1419504874	 25.12.2014	10:54:34	Поіменне голосування  про розгляд за скороченою процедурою питань, пов'язаних з прийняттям Державного бюджету
1419506856	 25.12.2014	11:27:36	Поіменне голосування  про проект Закону про внесення змін до Бюджетного кодексу України (щодо реформи міжбюджетних відносин) (№1557) - за основу
1419507916	 25.12.2014	11:45:16	Поіменне голосування  про проект Закону про внесення змін до Бюджетного кодексу України (щодо захищених видатків) (№1576) - за основу
1419509260	 25.12.2014	12:07:40	Поіменне голосування  про повернення на доопрацювання суб'єкту права законодавчої ініціативи проекту Закону про внесення змін та визнання такими, що втратили чинність, деяких законодавчих актів України (№1577)
1419509329	 25.12.2014	12:08:49	Поіменне голосування  про повернення на доопрацювання суб'єкту права законодавчої ініціативи проекту Закону про внесення змін та визнання такими, що втратили чинність, деяких законодавчих актів України (№1577)
1419509902	 25.12.2014	12:18:22	Поіменне голосування  про повернення на доопрацювання суб'єкту права законодавчої ініціативи проекту Закону про внесення змін та визнання такими, що втратили чинність, деяких законодавчих актів України (№1577)
1419514386	 25.12.2014	13:33:06	Поіменне голосування  про проект Закону про внесення змін до Податкового кодексу України та деяких законів України (щодо податкової реформи) (№1578) - за основу
1419514438	 25.12.2014	13:33:58	Поіменне голосування  про проект Закону про внесення змін до Податкового кодексу України та деяких законів України (щодо податкової реформи) (№1578) - за основу (з урахуванням пропозицій Комітету)
1419515673	 25.12.2014	13:54:33	Поіменне голосування  про проект Закону про внесення змін до Податкового кодексу України щодо удосконалення податкового контролю за трансфертним ціноутворенням (№1264-1) - за основу
1419515706	 25.12.2014	13:55:06	Поіменне голосування  про проект Закону про внесення змін до Податкового кодексу України щодо удосконалення податкового контролю за трансфертним ціноутворенням (№1264-1) -  за основу (з урахуванням пропозицій Комітету)
1419515743	 25.12.2014	13:55:43	Поіменне голосування  про продовження ранкового пленарного засідання до завершення розгляду питань порядку денного
1419516395	 25.12.2014	14:06:35	Поіменне голосування  про проект Закону про заходи щодо стабілізації платіжного балансу України відповідно до статті ХІІ Генеральної угоди про тарифи й торгівлю 1994 року (№1562) - за основу
1419516664	 25.12.2014	14:11:04	Поіменне голосування про повернення до розгляду  проекту Закону про заходи щодо стабілізації платіжного балансу України відповідно до статті ХІІ Генеральної угоди про тарифи й торгівлю 1994 року (№1562) 
1419516688	 25.12.2014	14:11:28	Поіменне голосування про повернення до розгляду  проекту Закону про заходи щодо стабілізації платіжного балансу України відповідно до статті ХІІ Генеральної угоди про тарифи й торгівлю 1994 року (№1562)
1419517764	 25.12.2014	14:29:24	Поіменне голосування  про проект Закону про заходи щодо стабілізації платіжного балансу України відповідно до статті ХІІ Генеральної угоди про тарифи й торгівлю 1994 року (№1562) - за основу
1419517796	 25.12.2014	14:29:56	Поіменне голосування  про повернення до розгляду проекту Закону про заходи щодо стабілізації платіжного балансу України відповідно до статті ХІІ Генеральної угоди про тарифи й торгівлю 1994 року (№1562) 
1419517817	 25.12.2014	14:30:17	Поіменне голосування  про проект Закону про заходи щодо стабілізації платіжного балансу України відповідно до статті ХІІ Генеральної угоди про тарифи й торгівлю 1994 року (№1562) - за основу
1419517929	 25.12.2014	14:32:09	Поіменне голосування  про проект Закону про внесення змін до Митного кодексу України (щодо стабілізації платіжного балансу) (№1563) - за основу
1419517971	 25.12.2014	14:32:51	Поіменне голосування  про  повернення до розгляду проекту Закону про внесення змін до Митного кодексу України (щодо стабілізації платіжного балансу) (№1563)
1419517997	 25.12.2014	14:33:17	Поіменне голосування  про проект Закону про внесення змін до Митного кодексу України (щодо стабілізації платіжного балансу) (№1563) - за основу
1419519283	 25.12.2014	14:54:43	Поіменне голосування  про проект Закону про реформування загальнообов'язкового державного соціального страхування та легалізацію фонду оплати праці (№1573) - за основу
1419519376	 25.12.2014	14:56:16	Поіменне голосування  про проект Закону про внесення змін до Митного кодексу України (щодо деяких питань відшкодування державою шкоди) (№1574) - за основу та в цілому
1419519443	 25.12.2014	14:57:23	Поіменне голосування  про проект Закону про внесення змін до Податкового кодексу України (щодо деяких питань відшкодування державою шкоди) (№1575) - за основу та в цілому
1419520407	 25.12.2014	15:13:27	"Поіменне голосування  про проект Закону про внесення змін до статті 5 Закону України ""Про встановлення державної допомоги постраждалим учасникам масових акцій громадського протесту та членам їх сімей"" (щодо джерела покриття витрат) (№1592) - за основу"
1419521895	 25.12.2014	15:38:15	Поіменне голосування  про проект Закону про внесення змін до деяких законодавчих актів України щодо спрощення умов ведення бізнесу (дерегуляція) (№1580) - за основу
1419522107	 25.12.2014	15:41:47	Поіменне голосування  про проект Постанови про формування комісії з проведення конкурсу на зайняття посади Директора Національного антикорупційного бюро України (№1614) - за основу та в цілому
1419522792	 25.12.2014	15:53:12	Поіменне голосування  про пропозицію Голови Верховної Ради України Гройсмана В.Б. щодо проектів законів №0001, №0001-1, №0001-2, №0001-3 
1419523448	 25.12.2014	16:04:08	Поіменне голосування  про проект Закону про заходи, спрямовані на сприяння капіталізації та реструктуризації банків (№1564) - за основу
1419524305	 25.12.2014	16:18:25	Поіменне голосування  про проект Постанови про звільнення суддів (№1624) - за основу та в цілому
1419524511	 25.12.2014	16:21:51	"Поіменне голосування  про проект Постанови про виконання рішення Європейського суду з прав людини у справі ""Олександр Волков проти України"" (щодо судді Верховного Суду України Волкова Олександра Федоровича) (№1352) - за основу та в цілому"
1419524730	 25.12.2014	16:25:30	"Поіменне голосування  про проект Закону про внесення змін до Закону України ""Про Державний бюджет України на 2014 рік"" (щодо виконання зобов'язань за державним боргом) (№1125) - за основу та в цілому"
1419524988	 25.12.2014	16:29:48	"Поіменне голосування  про проект Закону про внесення змін до Закону України ""Про державну службу"" (щодо відтермінування набрання чинності) (№1072) - за основу та в цілому"
1419525796	 25.12.2014	16:43:16	Поіменне голосування  про проект Закону про внесення змін до Податкового кодексу України щодо особливостей уточнення податкових зобов'язань з податку на прибуток підприємств та податку на додану вартість у разі застосування податкового компромісу (№1071-д) - за основу та в цілому
1419526341	 25.12.2014	16:52:21	"Поіменне голосування  про проект Закону про внесення змін до Закону України ""Про мораторій на стягнення майна громадян України, наданого як забезпечення кредитів в іноземній валюті"" щодо посилення захисту прав позичальників (№1610) - за основу"
1419526557	 25.12.2014	16:55:57	Поіменне голосування  про  внесення змін до календарного плану проведення першої сесії Верховної Ради України восьмого скликання
1419526814	 25.12.2014	17:00:14	Поіменне голосування  про  внесення змін до календарного плану проведення першої сесії Верховної Ради України восьмого скликання
1419526924	 25.12.2014	17:02:04	Поіменне голосування  про  внесення змін до календарного плану проведення першої сесії Верховної Ради України восьмого скликання
1419526971	 25.12.2014	17:02:51	Поіменне голосування  про  внесення змін до календарного плану проведення першої сесії Верховної Ради України восьмого скликання
1419527133	 25.12.2014	17:05:33	Поіменне голосування  про  внесення змін до календарного плану проведення першої сесії Верховної Ради України восьмого скликання
1419761685	 28.12.2014	10:14:45	Поіменне голосування  про включення до порядку денного сесії проекту Закону про забезпечення права на справедливий суд (№1656) 
1419761724	 28.12.2014	10:15:24	Поіменне голосування  про включення до порядку денного сесії проекту Закону про внесення змін до Бюджетного кодексу України (щодо надання пільг окремим категоріям громадян) (№1657) 
1419761761	 28.12.2014	10:16:01	Поіменне голосування  про включення до порядку денного сесії проекту Закону про внесення змін до деяких законодавчих актів України щодо забезпечення діяльності Національного антикорупційного бюро України (№1660) 
1419761938	 28.12.2014	10:18:58	"Поіменне голосування  про включення до порядку денного сесії проекту Закону про внесення змін до Закону України ""Про судоустрій і статус суддів"" щодо удосконалення засад організації та функціонування судової влади відповідно до європейських стандартів (№1497) "
1419761962	 28.12.2014	10:19:22	Поіменне голосування  про включення до порядку денного сесії проекту Закону про внесення змін до деяких законодавчих актів щодо забезпечення єдності судової практики (№1361)
1419761988	 28.12.2014	10:19:48	"Поіменне голосування  про включення до порядку денного сесії проекту Закону про внесення змін до Закону України ""Про судоустрій та статус суддів"" щодо встановлення реальної відповідальності суддів  (№1585)"
1419762010	 28.12.2014	10:20:10	"Поіменне голосування  про включення до порядку денного сесії проекту Закону про внесення змін до Закону України ""Про судоустрій і статус суддів"" (щодо вдосконалення процедури переведення суддів)  (№1590)"
1419762079	 28.12.2014	10:21:19	Поіменне голосування  про розгляд за скороченою процедурою проектів законів №1605, №1499, №1499-1, №1505, №1505-1, №1498
1419763267	 28.12.2014	10:41:07	"Поіменне голосування  про проект Закону про внесення зміни до статті 46 Закону України ""Про прокуратуру"" (щодо умов для залучення фахівців) (№1605) - за основу та в цілому"
1419763614	 28.12.2014	10:46:54	"Поіменне голосування  про проект Закону про внесення змін до Закону України ""Про безпечність та якість харчових продуктів"" (щодо реалізації на агропродовольчих ринках продукції домашнього виробництва та подвірного забою) (№1499-1) - за основу та в цілому"
1419763815	 28.12.2014	10:50:15	"Поіменне голосування  про проект Закону про внесення змін до пункту 3 розділу VIII ""Прикінцеві положення"" Закону України ""Про забезпечення реалізації житлових прав мешканців гуртожитків"" (щодо продовження строку мораторію на відчуження гуртожитків) (№1505-1) - за основу та в цілому"
1419764201	 28.12.2014	10:56:41	Поіменне голосування  про проект Закону про внесення змін до деяких законів України (щодо скасування ліцензування імпорту активних фармацевтичних інгредієнтів) (№1498) - за основу
1419764550	 28.12.2014	11:02:30	"Поіменне голосування  про поправку №7 народного депутата України Ємця Л.О. до проекту Закону про внесення змін до Закону України ""Про мораторій на стягнення майна громадян України, наданого як забезпечення кредитів в іноземній валюті"" щодо посилення захисту прав позичальників (№1610) "
1419764604	 28.12.2014	11:03:24	"Поіменне голосування  про поправку №8 народного депутата України Ємця Л.О. до проекту Закону про внесення змін до Закону України ""Про мораторій на стягнення майна громадян України, наданого як забезпечення кредитів в іноземній валюті"" щодо посилення захисту прав позичальників (№1610)"
1419764628	 28.12.2014	11:03:48	"Поіменне голосування  про поправку №9 народного депутата України Ємця Л.О. до проекту Закону про внесення змін до Закону України ""Про мораторій на стягнення майна громадян України, наданого як забезпечення кредитів в іноземній валюті"" щодо посилення захисту прав позичальників (№1610)"
1419764715	 28.12.2014	11:05:15	"Поіменне голосування  про поправку №10 народного депутата України Воропаєва Ю.М. до проекту Закону про внесення змін до Закону України ""Про мораторій на стягнення майна громадян України, наданого як забезпечення кредитів в іноземній валюті"" щодо посилення захисту прав позичальників (№1610)"
1419764757	 28.12.2014	11:05:57	"Поіменне голосування  про проект Закону про внесення змін до Закону України ""Про мораторій на стягнення майна громадян України, наданого як забезпечення кредитів в іноземній валюті"" щодо посилення захисту прав позичальників (№1610) - у другому читанні та в цілому"
1419799242	 28.12.2014	20:40:42	Поіменне голосування  про продовження пленарного засідання до завершення розгляду питань порядку денного
1419800791	 28.12.2014	21:06:31	Поіменне голосування  про проект Закону про внесення змін до Податкового кодексу України та деяких законів України (щодо податкової реформи) (№1578) - у другому читанні та в цілому
1419800988	 28.12.2014	21:09:48	Поіменне голосування  про проект Закону про внесення змін до Податкового кодексу України та деяких законів України (щодо податкової реформи) (№1578) - у другому читанні та в цілому
1419801417	 28.12.2014	21:16:57	Поіменне голосування  про проект Закону про заходи щодо стабілізації платіжного балансу України відповідно до статті ХІІ Генеральної угоди про тарифи й торгівлю 1994 року (№1562) - у другому читанні та в цілому
1419801463	 28.12.2014	21:17:43	Поіменне голосування  про проект Закону про внесення змін до Митного кодексу України (щодо стабілізації платіжного балансу) (№1563) - у другому читанні та в цілому
1419801943	 28.12.2014	21:25:43	Поіменне голосування  про проект Закону про внесення змін до Бюджетного кодексу України (щодо реформи міжбюджетних відносин) (№1557) - у другому читанні та в цілому
1419802189	 28.12.2014	21:29:49	Поіменне голосування  про проект Закону про внесення змін до Податкового кодексу України щодо удосконалення податкового контролю за трансфертним ціноутворенням (№1264-1) - у другому читанні та в цілому
1419802312	 28.12.2014	21:31:52	"Поіменне голосування  про проект Закону про внесення змін до статті 5 Закону України ""Про встановлення державної допомоги постраждалим учасникам масових акцій громадського протесту та членам їх сімей"" (щодо джерела покриття витрат) (№1592) - у другому читанні та в цілому"
1419814762	 29.12.2014	00:59:22	Поіменне голосування  про проект Закону про внесення змін до Бюджетного кодексу України (щодо реформи міжбюджетних відносин) (№1557) - у другому читанні та в цілому
1419815310	 29.12.2014	01:08:30	Поіменне голосування  про проект Закону про заходи, спрямовані на сприяння капіталізації та реструктуризації банків (№1564) - у другому читанні та в цілому
1419816280	 29.12.2014	01:24:40	Поіменне голосування  про проект Закону про внесення змін та визнання такими, що втратили чинність, деяких законодавчих актів України (№1577) - за основу та в цілому
1419816794	 29.12.2014	01:33:14	Поіменне голосування  про проект Закону про реформування загальнообов'язкового державного соціального страхування та легалізацію фонду оплати праці (№1573) - у другому читанні та в цілому
1419825620	 29.12.2014	04:00:20	Поіменне голосування  про пропозицію народного депутата України Березюка О.Р. про перенесення розгляду проекту Закону про Державний бюджет України на 2015 рік (№1000) 
1419827047	 29.12.2014	04:24:07	Поіменне голосування  про проект Закону про Державний бюджет України на 2015 рік (№1000) - у другому читанні та в цілому
1419827229	 29.12.2014	04:27:09	Поіменне голосування  про проекти законів №1264-1, №1564 (щодо набрання ними чинності з дня опублікування) 
1421145841	 13.01.2015	10:44:01	Поіменне голосування  про регламент  розгляду проектів законів №1656, №1361, №1497, №1585, №1590 
1421148385	 13.01.2015	11:26:25	Поіменне голосування  про проект Закону про забезпечення права на справедливий суд (№1656) - за основу
1421148438	 13.01.2015	11:27:18	"Поіменне голосування  про проект Закону про внесення змін до Закону України ""Про судоустрій і статус суддів"" щодо удосконалення засад організації та функціонування судової влади відповідно до європейських стандартів (№1497) - за основу"
1421148491	 13.01.2015	11:28:11	"Поіменне голосування  про проект Закону про внесення змін до Закону України ""Про судоустрій та статус суддів"" щодо встановлення реальної відповідальності суддів (№1585) - за основу"
1421148940	 13.01.2015	11:35:40	Поіменне голосування  про проект Постанови про Звернення Верховної Ради України до Канцлера Федеративної Республіки Німеччини Ангели Меркель, Президента Французької Республіки Франсуа Олланда та Президента Російської Федерації Владіміра Путіна щодо звільнення протиправно утримуваної під вартою в Російській Федерації народного депутата України восьмого скликання, члена Постійної делегації Верховної Ради України в Парламентській Асамблеї Ради Європи Надії Вікторівни Савченко (№1700) - в цілому
1421148968	 13.01.2015	11:36:08	Поіменне голосування  про проект Постанови про Звернення Верховної Ради України до Парламентської Асамблеї Ради Європи щодо звільнення протиправно утримуваної під вартою в Російській Федерації народного депутата України восьмого скликання, члена Постійної делегації Верховної Ради України в Парламентській Асамблеї Ради Європи Надії Вікторівни Савченко (№1701) - за основу та в цілому
1421149353	 13.01.2015	11:42:33	"Поіменне голосування  про Закон України ""Про мораторій на примусову реалізацію житла, нарахування та стягнення пені та інших штрафних санкцій за житлово-комунальні послуги громадянам, які проживають на територіях проведення антитерористичної операції"" (№0962) - в цілому з урахуванням пропозицій Президента України  "
1421149951	 13.01.2015	11:52:31	"Поіменне голосування  про направлення на доопрацювання до Комітету Закону України ""Про внесення змін до Бюджетного кодексу України та деяких інших законодавчих актів України"" з пропозиціями Президента України (№0963)"
1421150385	 13.01.2015	11:59:45	"Поіменне голосування  про відхилення Закону України ""Про внесення змін до Закону України ""Про державну реєстрацію юридичних осіб та фізичних осіб-підприємців"" щодо спрощення припинення юридичних осіб"" (№0964) "
1421153068	 13.01.2015	12:44:28	"Поіменне голосування  про розгляд за скороченою процедурою проекту Закону про внесення зміни до статті 17-2 Закону України ""Про державну підтримку сільського господарства України"" (щодо потужностей тваринницьких ферм та комплексів) (№1548) "
1421153739	 13.01.2015	12:55:39	"Поіменне голосування  про проект Закону про внесення зміни до статті 17-2 Закону України ""Про державну підтримку сільського господарства України"" (щодо потужностей тваринницьких ферм та комплексів) (№1548) - за основу та в цілому"
1421153770	 13.01.2015	12:56:10	Поіменне голосування  про розгляд за скороченою процедурою проекту Закону про внесення змін до деяких законодавчих актів України щодо децентралізації повноважень у сфері архітектурно-будівельного контролю та удосконалення містобудівного законодавства (№1546) 
1421154590	 13.01.2015	13:09:50	Поіменне голосування  про проект Закону про внесення змін до деяких законодавчих актів України щодо децентралізації повноважень у сфері архітектурно-будівельного контролю та удосконалення містобудівного законодавства (№1546) - за основу
1421154636	 13.01.2015	13:10:36	Поіменне голосування  про розгляд за скороченою процедурою проекту Закону про особливості здійснення права власності у багатоквартирному будинку (№1565) 
1421155273	 13.01.2015	13:21:13	Поіменне голосування  про проект Закону про особливості здійснення права власності у багатоквартирному будинку (№1565) - за основу
1421155314	 13.01.2015	13:21:54	Поіменне голосування  про розгляд за скороченою процедурою проекту Закону про енергетичну ефективність будівель (№1566) 
1421156054	 13.01.2015	13:34:14	Поіменне голосування про повернення на доопрацювання суб'єкту права законодавчої ініціативи проекту Закону про енергетичну ефективність будівель (№1566)
1421156429	 13.01.2015	13:40:29	"Поіменне голосування  про включення до порядку денного проекту Закону про внесення змін до статті 41 Закону України ""Про акціонерні товариства"" (щодо зменшення кворуму загальних зборів акціонерного товариства) (№1296)"
1421156457	 13.01.2015	13:40:57	"Поіменне голосування  про розгляд за скороченою процедурою проектів законів про внесення змін до статті 41 Закону України ""Про акціонерні товариства"" (№1310, №1310-1, №1310-2) "
1421158378	 13.01.2015	14:12:58	"Поіменне голосування  про проект Закону про внесення змін до статті 41 Закону України ""Про акціонерні товариства"" (щодо кворуму загальних зборів акціонерних товариств з мажоритарними корпоративними правами держави) (№1310) - за основу та в цілому"
1421165486	 13.01.2015	16:11:26	""
1421165586	 13.01.2015	16:13:06	"Поіменне голосування  про розгляд за скороченою процедурою проекту Закону про внесення змін до Закону України ""Про регулювання містобудівної діяльності"" щодо прийняття в експлуатацію об'єктів будівництва, збудованих без дозволу на виконання будівельних робіт (№1059) "
1421165613	 13.01.2015	16:13:33	"Поіменне голосування  про розгляд за скороченою процедурою проекту Закону про внесення змін до Закону України ""Про регулювання містобудівної діяльності"" щодо прийняття в експлуатацію об'єктів будівництва, збудованих без дозволу на виконання будівельних робіт (№1059) "
1421166106	 13.01.2015	16:21:46	"Поіменне голосування  про проект Закону про внесення змін до Закону України ""Про регулювання містобудівної діяльності"" щодо прийняття в експлуатацію об'єктів будівництва, збудованих без дозволу на виконання будівельних робіт (№1059) - за основу та в цілому"
1421166141	 13.01.2015	16:22:21	"Поіменне голосування  про розгляд за скороченою процедурою проекту Закону про внесення змін до Прикінцевих положень Закону України ""Про регулювання містобудівної діяльності"" щодо відтермінування заборони на відведення земельних ділянок (№1084) "
1421167220	 13.01.2015	16:40:20	"Поіменне голосування  про направлення на повторне перше читання проекту Закону про внесення змін до Прикінцевих положень Закону України ""Про регулювання містобудівної діяльності"" щодо відтермінування заборони на відведення земельних ділянок (№1084)"
1421167258	 13.01.2015	16:40:58	"Поіменне голосування  про проект Закону про внесення змін до Прикінцевих положень Закону України ""Про регулювання містобудівної діяльності"" щодо відтермінування заборони на відведення земельних ділянок (№1084) - за основу"
1421167389	 13.01.2015	16:43:09	"Поіменне голосування  про направлення на повторне перше читання проекту Закону про внесення змін до Прикінцевих положень Закону України ""Про регулювання містобудівної діяльності"" щодо відтермінування заборони на відведення земельних ділянок (№1084)"
1421168804	 13.01.2015	17:06:44	Поіменне голосування  про розгляд за скороченою процедурою проекту Закону про внесення змін до деяких законів України щодо захисту інформаційного телерадіопростору України (№1317) 
1421169583	 13.01.2015	17:19:43	Поіменне голосування  про проект Закону про внесення змін до деяких законів України щодо захисту інформаційного телерадіопростору України (№1317) - за основу
1421170543	 13.01.2015	17:35:43	Поіменне голосування  про проект Закону про внесення змін до деяких законів України щодо Суспільного телебачення і радіомовлення України (№1357) - за основу
1421170597	 13.01.2015	17:36:37	"Поіменне голосування  про розгляд за скороченою процедурою проекту Закону про внесення зміни до статті 7 Закону України ""Про статус ветеранів війни, гарантії їх соціального захисту"" (щодо постраждалих під час протестів) (№1423) "
1421170978	 13.01.2015	17:42:58	"Поіменне голосування  про проект Закону про внесення зміни до статті 7 Закону України ""Про статус ветеранів війни, гарантії їх соціального захисту"" (щодо постраждалих під час протестів) (№1423) - за основу"
1421171030	 13.01.2015	17:43:50	Поіменне голосування  про  розгляд за скороченою процедурою проектів постанов №1340, №1013 
1421171130	 13.01.2015	17:45:30	"Поіменне голосування  про проект Постанови про ухвалення Рекомендацій парламентських слухань на тему: ""Освіта, охорона здоров'я та соціальне забезпечення дітей з порушеннями психофізичного розвитку: проблеми та шляхи їх вирішення"" (№1340) - за основу та в цілому"
1421171416	 13.01.2015	17:50:16	Поіменне голосування  про проект Постанови про увіковічення пам'яті Героїв України, які віддали своє життя за свободу і незалежність України (№1013) - за основу та в цілому
1421233319	 14.01.2015	11:01:59	Поіменне голосування  про проект Постанови про дострокове припинення повноважень народного депутата України Турчинова О.В.  (№1717) - в цілому
1421233362	 14.01.2015	11:02:42	Поіменне голосування  про проект Постанови про дострокове припинення повноважень народного депутата України Ковальчука В.А. (№1717-1) - в цілому
1421233400	 14.01.2015	11:03:20	Поіменне голосування  про проект Постанови про дострокове припинення повноважень народного депутата України Павленка Р.М. (№1717-2) - в цілому
1421233453	 14.01.2015	11:04:13	Поіменне голосування  про розгляд за скороченою процедурою питань порядку денного
1421234199	 14.01.2015	11:16:39	Поіменне голосування  про проект Закону про внесення змін до статті 188-1 Кримінального кодексу України (щодо недопущення розкрадання природного газу) (№1544) - за основу
1421234234	 14.01.2015	11:17:14	Поіменне голосування  про повернення на доопрацювання суб'єкту права законодавчої ініціативи проекту Закону про внесення змін до статті 188-1 Кримінального кодексу України (щодо недопущення розкрадання природного газу) (№1544)
1421234293	 14.01.2015	11:18:13	Поіменне голосування  про розгляд за скороченою процедурою проекту Закону про внесення зміни до статті 255 Кодексу України про адміністративні правопорушення (щодо безпеки на морському та річковому транспорті) (№1549) 
1421235019	 14.01.2015	11:30:19	Поіменне голосування  про проект Закону про внесення зміни до статті 255 Кодексу України про адміністративні правопорушення (щодо безпеки на морському та річковому транспорті) (№1549) - за основу
1421235079	 14.01.2015	11:31:19	Поіменне голосування  про повернення на доопрацювання суб'єкту права законодавчої ініціативи проекту Закону про внесення зміни до статті 255 Кодексу України про адміністративні правопорушення (щодо безпеки на морському та річковому транспорті) (№1549) 
1421235122	 14.01.2015	11:32:02	Поіменне голосування  про розгляд за скороченою процедурою проекту Закону про внесення змін до Кримінального кодексу України щодо посилення відповідальності за окремі військові злочини (№1552) 
1421236077	 14.01.2015	11:47:57	Поіменне голосування  про проект Закону про внесення змін до Кримінального кодексу України щодо посилення відповідальності за окремі військові злочини (№1552) - за основу
1421236129	 14.01.2015	11:48:49	"Поіменне голосування  про розгляд за скороченою процедурою проекту Закону про внесення змін до Закону України ""Про загальнообов'язкове державне пенсійне страхування"" (щодо удосконалення пенсійного забезпечення) (№1086) "
1421237497	 14.01.2015	12:11:37	"Поіменне голосування  про проект Закону про внесення змін до Закону України ""Про загальнообов'язкове державне пенсійне страхування"" (щодо удосконалення пенсійного забезпечення) (№1086) - за основу та в цілому"
1421240630	 14.01.2015	13:03:50	Сигнальне голосування  про проект Постанови про відзначення 200-річчя з дня народження Михайла Вербицького (4 березня 2015 року) (№1318) 
1421240661	 14.01.2015	13:04:21	Сигнальне голосування  про проект Постанови про відзначення 200-річчя з дня народження Михайла Вербицького (4 березня 2015 року) (№1318) 
1421240701	 14.01.2015	13:05:01	Поіменне голосування  про проект Постанови про відзначення 200-річчя з дня народження Михайла Вербицького (4 березня 2015 року) (№1318) - за основу та в цілому
1421241731	 14.01.2015	13:22:11	Поіменне голосування  про проект Постанови про Звернення Верховної Ради України до Європейського Парламенту, Парламентської асамблеї Ради Європи, національних парламентів країн-членів ЄС, США, Канади, Японії, Австралії щодо масового розстрілу людей під Волновахою в Україні (№1736) - за основу та в цілому
1421316744	 15.01.2015	10:12:24	"Поіменне голосування  про розгляд за скороченою процедурою проекту Постанови про внесення змін до Постанови Верховної Ради України ""Про обрання голів, перших заступників, заступників голів, секретарів, членів комітетів Верховної Ради України восьмого скликання та обрання голови Спеціальної контрольної комісії Верховної Ради України з питань приватизації"" (№1645) "
1421316975	 15.01.2015	10:16:15	"Поіменне голосування  про проект Постанови про внесення змін до Постанови Верховної Ради України ""Про обрання голів, перших заступників, заступників голів, секретарів, членів комітетів Верховної Ради України восьмого скликання та обрання голови Спеціальної контрольної комісії Верховної Ради України з питань приватизації"" (№1645) - за основу та в цілому"
1421317019	 15.01.2015	10:16:59	"Поіменне голосування  про розгляд за скороченою процедурою проекту Постанови про внесення змін до Постанови Верховної Ради України ""Про обрання голів, перших заступників, заступників голів, секретарів, членів комітетів Верховної Ради України восьмого скликання та обрання голови Спеціальної контрольної комісії Верховної Ради України з питань приватизації"" (№1646) "
1421317158	 15.01.2015	10:19:18	"Поіменне голосування  про проект Постанови про внесення змін до Постанови Верховної Ради України ""Про обрання голів, перших заступників, заступників голів, секретарів, членів комітетів Верховної Ради України восьмого скликання та обрання голови Спеціальної контрольної комісії Верховної Ради України з питань приватизації"" (№1646) - за основу та в цілому"
1421317271	 15.01.2015	10:21:11	"Поіменне голосування  про проект Постанови про внесення змін до Постанови Верховної Ради України ""Про обрання голів, перших заступників, заступників голів, секретарів, членів комітетів Верховної Ради України восьмого скликання та обрання голови Спеціальної контрольної комісії Верховної Ради України з питань приватизації"" (№1763) - за основу та в цілому"
1421317326	 15.01.2015	10:22:06	"Поіменне голосування  про розгляд за скороченою процедурою проекту Постанови про проведення парламентських слухань на тему: ""Про зняття з експлуатації Чорнобильської АЕС, об'єкт ""Укриття"" та перспективи розвитку зони відчуження"" (березень 2015 року) (№1355) "
1421317499	 15.01.2015	10:24:59	"Поіменне голосування  про проект Постанови про проведення парламентських слухань на тему: ""Про зняття з експлуатації Чорнобильської АЕС, об'єкт ""Укриття"" та перспективи розвитку зони відчуження"" (березень 2015 року) (№1355) - за основу та в цілому"
1421317532	 15.01.2015	10:25:32	"Поіменне голосування  про розгляд за скороченою процедурою проекту Постанови про проведення парламентських слухань на тему: ""Про шляхи стабілізації банківської системи України"" (№1644) "
1421317975	 15.01.2015	10:32:55	"Поіменне голосування  про проект Постанови про проведення парламентських слухань на тему: ""Про шляхи стабілізації банківської системи України"" (№1644) - за основу та в цілому"
1421318022	 15.01.2015	10:33:42	Поіменне голосування  про розгляд за скороченою процедурою проекту Постанови про календарний план проведення другої сесії Верховної Ради України восьмого скликання (№1583) 
1421318227	 15.01.2015	10:37:07	Поіменне голосування  про проект Постанови про календарний план проведення другої сесії Верховної Ради України восьмого скликання (№1583) - за основу та в цілому
1421318327	 15.01.2015	10:38:47	Поіменне голосування  про включення до порядку денного проекту Закону про внесення змін до деяких законів України щодо удосконалення порядку проходження військової служби та питань соціального захисту громадян України, які проходять військову службу під час особливого періоду (№1525) 
1421318417	 15.01.2015	10:40:17	Поіменне голосування  про розгляд за скороченою процедурою проекту Закону про внесення змін до деяких законодавчих актів України щодо невідворотності покарання осіб, які перебувають на тимчасово окупованій території України або в районі проведення антитерористичної операції, та вдосконалення процедур здійснення конфіскації (№1569) 
1421319571	 15.01.2015	10:59:31	Поіменне голосування  про повернення на доопрацювання суб'єкту права законодавчої ініціативи проекту Закону про внесення змін до деяких законодавчих актів України щодо невідворотності покарання осіб, які перебувають на тимчасово окупованій території України або в районі проведення антитерористичної операції, та вдосконалення процедур здійснення конфіскації (№1569)
1421319615	 15.01.2015	11:00:15	Поіменне голосування  про повернення до розгляду проекту Закону про внесення змін до деяких законодавчих актів України щодо невідворотності покарання осіб, які перебувають на тимчасово окупованій території України або в районі проведення антитерористичної операції, та вдосконалення процедур здійснення конфіскації (№1569) 
1421319673	 15.01.2015	11:01:13	Поіменне голосування  про повернення до розгляду проекту Закону про внесення змін до деяких законодавчих актів України щодо невідворотності покарання осіб, які перебувають на тимчасово окупованій території України або в районі проведення антитерористичної операції, та вдосконалення процедур здійснення конфіскації (№1569) 
1421319696	 15.01.2015	11:01:36	Поіменне голосування  про повернення на доопрацювання суб'єкту права законодавчої ініціативи проекту Закону про внесення змін до деяких законодавчих актів України щодо невідворотності покарання осіб, які перебувають на тимчасово окупованій території України або в районі проведення антитерористичної операції, та вдосконалення процедур здійснення конфіскації (№1569)
1421320216	 15.01.2015	11:10:16	Поіменне голосування  про включення до порядку денного проекту Закону про внесення змін до деяких законодавчих актів України щодо посилення відповідальності військовослужбовців, надання командирам додаткових прав та покладання обов'язків у особливий період (№1762) 
1421320302	 15.01.2015	11:11:42	"Поіменне голосування  про розгляд за скороченою процедурою проекту Закону про затвердження Указу Президента України ""Про часткову мобілізацію"" (№1743) "
1421321865	 15.01.2015	11:37:45	"Поіменне голосування  про проект Закону про затвердження Указу Президента України ""Про часткову мобілізацію"" (№1743) - за основу та в цілому"
1421322046	 15.01.2015	11:40:46	Поіменне голосування  про розгляд за скороченою процедурою проекту Закону про перелік об'єктів права державної власності, що не підлягають приватизації (№1567) 
1421326907	 15.01.2015	13:01:47	Поіменне голосування  про повернення на доопрацювання суб'єкту права законодавчої ініціативи проекту Закону про перелік об'єктів права державної власності, що не підлягають приватизації (№1567)
1421327031	 15.01.2015	13:03:51	Поіменне голосування  про включення до порядку денного проекту Закону про внесення змін до Бюджетного кодексу України (щодо уточнення та приведення окремих положень у відповідність до норм діючого законодавства)  (№1766)
1421327251	 15.01.2015	13:07:31	Поіменне голосування  про розгляд за скороченою процедурою проекту Закону про внесення змін до деяких законодавчих актів України (щодо удосконалення окремих положень соціальної політики) (№1539) 
1421328113	 15.01.2015	13:21:53	Поіменне голосування  про проект Закону про внесення змін до деяких законодавчих актів України (щодо удосконалення окремих положень соціальної політики) (№1539) - за основу та в цілому
1421328401	 15.01.2015	13:26:41	Поіменне голосування  про включення до порядку денного проекту Закону про внесення змін до деяких законодавчих актів України щодо невідворотності покарання осіб, які переховуються на тимчасово окупованій території України або в районі проведення антитерористичної операції (№1767) 
1421328473	 15.01.2015	13:27:53	"Поіменне голосування  про розгляд за скороченою процедурою проекту Закону про внесення зміни до статті 25 Закону України ""Про відпустки"" (щодо відпусток працівникам за місцем роботи на території проведення антитерористичної операції) (№1543) "
1421328957	 15.01.2015	13:35:57	"Поіменне голосування  про проект Закону про внесення зміни до статті 25 Закону України ""Про відпустки"" (щодо відпусток працівникам за місцем роботи на території проведення антитерористичної операції) (№1543) - за основу та в цілому"
1421328991	 15.01.2015	13:36:31	Поіменне голосування  про розгляд за скороченою процедурою проекту Закону про внесення змін до Повітряного кодексу України (щодо суб'єктів державної авіації) (№1542) 
1421329702	 15.01.2015	13:48:22	Поіменне голосування  про проект Закону про внесення змін до Повітряного кодексу України (щодо суб'єктів державної авіації) (№1542) - за основу
1421330032	 15.01.2015	13:53:52	Поіменне голосування  про повернення до розгляду проекту Закону про внесення змін до Повітряного кодексу України (щодо суб'єктів державної авіації) (№1542) 
1421330054	 15.01.2015	13:54:14	Поіменне голосування  про повернення на доопрацювання суб'єкту права законодавчої ініціативи проекту Закону про внесення змін до Повітряного кодексу України (щодо суб'єктів державної авіації) (№1542)
1421330114	 15.01.2015	13:55:14	"Поіменне голосування  про розгляд за скороченою процедурою проекту Закону про внесення змін до Закону України ""Про фінансові послуги та державне регулювання ринків фінансових послуг"" щодо розкриття інформації (№1545) "
1421330338	 15.01.2015	13:58:58	"Поіменне голосування  про проект Закону про внесення змін до Закону України ""Про фінансові послуги та державне регулювання ринків фінансових послуг"" щодо розкриття інформації (№1545) - за основу та в цілому"
1421338120	 15.01.2015	16:08:40	""
1421338213	 15.01.2015	16:10:13	Поіменне голосування  про розгляд за скороченою процедурою проекту Закону про технічні регламенти та оцінку відповідності (№1065) 
1421338943	 15.01.2015	16:22:23	Поіменне голосування  про проект Закону про технічні регламенти та оцінку відповідності (№1065) - за основу та в цілому
1421338995	 15.01.2015	16:23:15	Поіменне голосування  про розгляд за скороченою процедурою проекту Закону про розвиток та державну підтримку малого і середнього підприємництва в Україні (№1256) 
1421339553	 15.01.2015	16:32:33	Поіменне голосування  про проект Закону про розвиток та державну підтримку малого і середнього підприємництва в Україні (№1256) - за основу
1421339608	 15.01.2015	16:33:28	Поіменне голосування  про розгляд за скороченою процедурою проекту Закону про внесення змін до деяких законів України щодо удосконалення порядку проходження військової служби та питань соціального захисту громадян України, які проходять військову службу під час особливого періоду (№1525) 
1421340697	 15.01.2015	16:51:37	Поіменне голосування  про проект Закону про внесення змін до деяких законів України щодо удосконалення порядку проходження військової служби та питань соціального захисту громадян України, які проходять військову службу під час особливого періоду (№1525) - за основу та в цілому
1421340783	 15.01.2015	16:53:03	Поіменне голосування  про повернення до розгляду проекту Закону про внесення змін до деяких законів України щодо удосконалення порядку проходження військової служби та питань соціального захисту громадян України, які проходять військову службу під час особливого періоду (№1525) 
1421341647	 15.01.2015	17:07:27	Поіменне голосування  про проект Закону про внесення змін до деяких законів України щодо удосконалення порядку проходження військової служби та питань соціального захисту громадян України, які проходять військову службу під час особливого періоду (№1525) - за основу та в цілому
1421341710	 15.01.2015	17:08:30	Поіменне голосування  про розгляд за скороченою процедурою проекту Закону про внесення змін до Бюджетного кодексу України (щодо уточнення та приведення окремих положень у відповідність до норм діючого законодавства) (№1766) 
1421342681	 15.01.2015	17:24:41	Поіменне голосування  про проект Закону про внесення змін до Бюджетного кодексу України (щодо уточнення та приведення окремих положень у відповідність до норм діючого законодавства) (№1766) - за основу та в цілому
1421342713	 15.01.2015	17:25:13	Поіменне голосування  про розгляд за скороченою процедурою проекту Закону про внесення змін до деяких законодавчих актів України щодо посилення відповідальності військовослужбовців, надання командирам додаткових прав та покладання обов'язків у особливий період (№1762) 
1421343013	 15.01.2015	17:30:13	Поіменне голосування  про проект Закону про внесення змін до деяких законодавчих актів України щодо посилення відповідальності військовослужбовців, надання командирам додаткових прав та покладання обов'язків у особливий період (№1762) - за основу
1421343055	 15.01.2015	17:30:55	Поіменне голосування  про розгляд за скороченою процедурою проекту Закону про внесення змін до деяких законодавчих актів України щодо невідворотності покарання осіб, які переховуються на тимчасово окупованій території України або в районі проведення антитерористичної операції (№1767) 
1421344241	 15.01.2015	17:50:41	Поіменне голосування  про проект Закону про внесення змін до деяких законодавчих актів України щодо невідворотності покарання осіб, які переховуються на тимчасово окупованій території України або в районі проведення антитерористичної операції (№1767) - за основу та в цілому
1421344407	 15.01.2015	17:53:27	Поіменне голосування  про проект Закону про внесення змін до деяких законів України (щодо скасування ліцензування імпорту активних фармацевтичних інгредієнтів) (№1498) - у другому читанні та в цілому
1421413705	 16.01.2015	13:08:25	Поіменне голосування  про включення до порядку денного сесії проекту Закону про внесення змін до Конституції України (щодо недоторканності народних депутатів України та суддів) (№1776) 
1421417363	 16.01.2015	14:09:23	Поіменне голосування  про продовження пленарного засідання
1421417807	 16.01.2015	14:16:47	"Поіменне голосування  про включення до порядку денного проекту Закону про внесення змін до статті 41 Закону України ""Про акціонерні товариства"" (щодо зниження відсоткової ставки для кворуму) (№1778)"
1421418086	 16.01.2015	14:21:26	"Поіменне голосування про включення до порядку денного проекту Закону про внесення змін до статті 41 Закону України ""Про акціонерні товариства"" (щодо зниження відсоткової ставки для кворуму) (№1778) "
